notebook_id,notebook_title,page_number,page_consensus,poetry_percentage,all_classifications_json
12,"Notebook 12 (T5, 2022; scientific notes, poetry)",12008,poetry,0.857,"{""Poetry"": 0.857, ""Chemistry"": 0.143}"
12,"Notebook 12 (T5, 2022; scientific notes, poetry)",12009,poetry,0.941,"{""Poetry"": 0.941, ""Philosophy"": 0.059}"
12,"Notebook 12 (T5, 2022; scientific notes, poetry)",12010,poetry,0.909,"{""Poetry"": 0.909, ""Philosophy"": 0.091}"
12,"Notebook 12 (T5, 2022; scientific notes, poetry)",12011,poetry,0.75,"{""Poetry"": 0.75, ""Philosophy"": 0.125, ""Geology"": 0.125}"
12,"Notebook 12 (T5, 2022; scientific notes, poetry)",12012,poetry,1.0,"{""Poetry"": 1.0}"
12,"Notebook 12 (T5, 2022; scientific notes, poetry)",12013,poetry,0.75,"{""Poetry"": 0.75, ""Agriculture"": 0.062, ""Other (anything that doesn't fit into the other categories!)"": 0.188}"
12,"Notebook 12 (T5, 2022; scientific notes, poetry)",12014,poetry,0.857,"{""Poetry"": 0.857, ""Other (anything that doesn't fit into the other categories!)"": 0.143}"
12,"Notebook 12 (T5, 2022; scientific notes, poetry)",12015,poetry,0.875,"{""Poetry"": 0.875, ""Other (anything that doesn't fit into the other categories!)"": 0.125}"
12,"Notebook 12 (T5, 2022; scientific notes, poetry)",12016,poetry,0.571,"{""Poetry"": 0.571, ""Other (anything that doesn't fit into the other categories!)"": 0.429}"
12,"Notebook 12 (T5, 2022; scientific notes, poetry)",12017,poetry,0.625,"{""Poetry"": 0.625, ""Medicine"": 0.125, ""Other (anything that doesn't fit into the other categories!)"": 0.25}"
12,"Notebook 12 (T5, 2022; scientific notes, poetry)",12018,poetry,0.833,"{""Poetry"": 0.833, ""Other (anything that doesn't fit into the other categories!)"": 0.167}"
12,"Notebook 12 (T5, 2022; scientific notes, poetry)",12019,poetry,1.0,"{""Poetry"": 1.0}"
12,"Notebook 12 (T5, 2022; scientific notes, poetry)",12020,poetry,1.0,"{""Poetry"": 1.0}"
12,"Notebook 12 (T5, 2022; scientific notes, poetry)",12021,poetry,1.0,"{""Poetry"": 1.0}"
12,"Notebook 12 (T5, 2022; scientific notes, poetry)",12023,poetry,1.0,"{""Poetry"": 1.0}"
12,"Notebook 12 (T5, 2022; scientific notes, poetry)",12024,poetry,1.0,"{""Poetry"": 1.0}"
12,"Notebook 12 (T5, 2022; scientific notes, poetry)",12025,poetry,1.0,"{""Poetry"": 1.0}"
12,"Notebook 12 (T5, 2022; scientific notes, poetry)",12026,poetry,1.0,"{""Poetry"": 1.0}"
12,"Notebook 12 (T5, 2022; scientific notes, poetry)",12027,poetry,1.0,"{""Poetry"": 1.0}"
12,"Notebook 12 (T5, 2022; scientific notes, poetry)",12029,poetry,1.0,"{""Poetry"": 1.0}"
12,"Notebook 12 (T5, 2022; scientific notes, poetry)",12030,poetry,1.0,"{""Poetry"": 1.0}"
12,"Notebook 12 (T5, 2022; scientific notes, poetry)",12031,poetry,0.889,"{""Poetry"": 0.889, ""Agriculture"": 0.111}"
12,"Notebook 12 (T5, 2022; scientific notes, poetry)",12032,poetry,0.875,"{""Poetry"": 0.875, ""Philosophy"": 0.125}"
12,"Notebook 12 (T5, 2022; scientific notes, poetry)",12033,poetry,0.571,"{""Poetry"": 0.571, ""Chemistry"": 0.143, ""Other (anything that doesn't fit into the other categories!)"": 0.286}"
12,"Notebook 12 (T5, 2022; scientific notes, poetry)",12034,poetry,0.538,"{""Poetry"": 0.538, ""Lecture notes"": 0.077, ""Geology"": 0.077, ""Agriculture"": 0.077, ""Astronomy"": 0.154, ""Chemistry"": 0.077}"
12,"Notebook 12 (T5, 2022; scientific notes, poetry)",12035,poetry,1.0,"{""Poetry"": 1.0}"
12,"Notebook 12 (T5, 2022; scientific notes, poetry)",12036,poetry,0.8,"{""Poetry"": 0.8, ""Philosophy"": 0.2}"
12,"Notebook 12 (T5, 2022; scientific notes, poetry)",12038,poetry,0.571,"{""Poetry"": 0.571, ""Other (anything that doesn't fit into the other categories!)"": 0.286, ""Electrochemistry"": 0.143}"
12,"Notebook 12 (T5, 2022; scientific notes, poetry)",12040,poetry,1.0,"{""Poetry"": 1.0}"
12,"Notebook 12 (T5, 2022; scientific notes, poetry)",12041,poetry,0.833,"{""Poetry"": 0.833, ""Astronomy"": 0.167}"
12,"Notebook 12 (T5, 2022; scientific notes, poetry)",12042,poetry,1.0,"{""Poetry"": 1.0}"
12,"Notebook 12 (T5, 2022; scientific notes, poetry)",12043,poetry,0.833,"{""Poetry"": 0.833, ""Agriculture"": 0.167}"
12,"Notebook 12 (T5, 2022; scientific notes, poetry)",12045,poetry,0.6,"{""Poetry"": 0.6, ""Astronomy"": 0.1, ""Other (anything that doesn't fit into the other categories!)"": 0.2, ""Agriculture"": 0.1}"
12,"Notebook 12 (T5, 2022; scientific notes, poetry)",12046,poetry,0.75,"{""Poetry"": 0.75, ""Agriculture"": 0.25}"
12,"Notebook 12 (T5, 2022; scientific notes, poetry)",12047,poetry,0.6,"{""Poetry"": 0.6, ""Lecture notes"": 0.2, ""Refers to other writers/their works"": 0.2}"
12,"Notebook 12 (T5, 2022; scientific notes, poetry)",12069,poetry,0.5,"{""Other (anything that doesn't fit into the other categories!)"": 0.2, ""Poetry"": 0.5, ""Astronomy"": 0.1, ""Chemistry"": 0.1, ""Geology"": 0.1}"
12,"Notebook 12 (T5, 2022; scientific notes, poetry)",12070,poetry,0.636,"{""Poetry"": 0.636, ""Astronomy"": 0.091, ""Chemistry"": 0.091, ""Other (anything that doesn't fit into the other categories!)"": 0.091, ""Geology"": 0.091}"
12,"Notebook 12 (T5, 2022; scientific notes, poetry)",12071,poetry,0.444,"{""Other (anything that doesn't fit into the other categories!)"": 0.222, ""Poetry"": 0.444, ""Agriculture"": 0.111, ""Chemistry"": 0.111, ""Geology"": 0.111}"
12,"Notebook 12 (T5, 2022; scientific notes, poetry)",12072,poetry,0.556,"{""Poetry"": 0.556, ""Astronomy"": 0.111, ""Chemistry"": 0.111, ""Other (anything that doesn't fit into the other categories!)"": 0.222}"
12,"Notebook 12 (T5, 2022; scientific notes, poetry)",12073,poetry,0.692,"{""Poetry"": 0.692, ""Agriculture"": 0.077, ""Chemistry"": 0.077, ""Other (anything that doesn't fit into the other categories!)"": 0.077, ""Mathematics"": 0.077}"
12,"Notebook 12 (T5, 2022; scientific notes, poetry)",12074,poetry,0.667,"{""Poetry"": 0.667, ""Electrochemistry"": 0.333}"
12,"Notebook 12 (T5, 2022; scientific notes, poetry)",12075,poetry,0.625,"{""Poetry"": 0.625, ""Astronomy"": 0.125, ""Chemistry"": 0.125, ""Other (anything that doesn't fit into the other categories!)"": 0.125}"
12,"Notebook 12 (T5, 2022; scientific notes, poetry)",12076,poetry,0.636,"{""Poetry"": 0.636, ""Agriculture"": 0.091, ""Chemistry"": 0.091, ""Other (anything that doesn't fit into the other categories!)"": 0.182}"
12,"Notebook 12 (T5, 2022; scientific notes, poetry)",12077,poetry,0.7,"{""Poetry"": 0.7, ""Chemistry"": 0.1, ""Other (anything that doesn't fit into the other categories!)"": 0.1, ""Philosophy"": 0.1}"
12,"Notebook 12 (T5, 2022; scientific notes, poetry)",12078,poetry,0.375,"{""Poetry"": 0.375, ""Chemistry"": 0.25, ""Other (anything that doesn't fit into the other categories!)"": 0.25, ""Philosophy"": 0.125}"
12,"Notebook 12 (T5, 2022; scientific notes, poetry)",12081,poetry,0.643,"{""Poetry"": 0.643, ""Agriculture"": 0.071, ""Chemistry"": 0.071, ""Other (anything that doesn't fit into the other categories!)"": 0.071, ""Geology"": 0.143}"
12,"Notebook 12 (T5, 2022; scientific notes, poetry)",12082,poetry,0.667,"{""Poetry"": 0.667, ""Astronomy"": 0.083, ""Chemistry"": 0.083, ""Other (anything that doesn't fit into the other categories!)"": 0.083, ""Geology"": 0.083}"
12,"Notebook 12 (T5, 2022; scientific notes, poetry)",12083,poetry,0.667,"{""Poetry"": 0.667, ""Chemistry"": 0.167, ""Other (anything that doesn't fit into the other categories!)"": 0.083, ""Philosophy"": 0.083}"
12,"Notebook 12 (T5, 2022; scientific notes, poetry)",12084,poetry,0.625,"{""Poetry"": 0.625, ""Astronomy"": 0.062, ""Chemistry"": 0.062, ""Other (anything that doesn't fit into the other categories!)"": 0.188, ""Geology"": 0.062}"
12,"Notebook 12 (T5, 2022; scientific notes, poetry)",12085,poetry,0.692,"{""Poetry"": 0.692, ""Agriculture"": 0.077, ""Chemistry"": 0.077, ""Other (anything that doesn't fit into the other categories!)"": 0.077, ""Medicine"": 0.077}"
12,"Notebook 12 (T5, 2022; scientific notes, poetry)",12087,poetry,0.5,"{""Poetry"": 0.5, ""Geology"": 0.083, ""Chemistry"": 0.083, ""Other (anything that doesn't fit into the other categories!)"": 0.25, ""Philosophy"": 0.083}"
12,"Notebook 12 (T5, 2022; scientific notes, poetry)",12093,poetry,0.5,"{""Poetry"": 0.5, ""Philosophy"": 0.5}"
12,"Notebook 12 (T5, 2022; scientific notes, poetry)",12094,poetry,0.625,"{""Poetry"": 0.625, ""Chemistry"": 0.25, ""Other (anything that doesn't fit into the other categories!)"": 0.125}"
12,"Notebook 12 (T5, 2022; scientific notes, poetry)",12095,poetry,0.667,"{""Poetry"": 0.667, ""Agriculture"": 0.111, ""Chemistry"": 0.111, ""Other (anything that doesn't fit into the other categories!)"": 0.111}"
12,"Notebook 12 (T5, 2022; scientific notes, poetry)",12096,poetry,0.6,"{""Poetry"": 0.6, ""Astronomy"": 0.067, ""Mathematics"": 0.067, ""Chemistry"": 0.067, ""Other (anything that doesn't fit into the other categories!)"": 0.133, ""Lecture notes"": 0.067}"
12,"Notebook 12 (T5, 2022; scientific notes, poetry)",12097,poetry,0.545,"{""Poetry"": 0.545, ""Other (anything that doesn't fit into the other categories!)"": 0.273, ""Chemistry"": 0.091, ""Philosophy"": 0.091}"
12,"Notebook 12 (T5, 2022; scientific notes, poetry)",12098,poetry,0.667,"{""Poetry"": 0.667, ""Medicine"": 0.333}"
12,"Notebook 12 (T5, 2022; scientific notes, poetry)",12099,poetry,0.5,"{""Poetry"": 0.5, ""Mathematics"": 0.5}"
12,"Notebook 12 (T5, 2022; scientific notes, poetry)",12258,poetry,0.8,"{""Poetry"": 0.8, ""Other (anything that doesn't fit into the other categories!)"": 0.1, ""Philosophy"": 0.1}"
12,"Notebook 12 (T5, 2022; scientific notes, poetry)",12259,poetry,0.875,"{""Poetry"": 0.875, ""Agriculture"": 0.125}"
12,"Notebook 12 (T5, 2022; scientific notes, poetry)",12260,poetry,0.667,"{""Poetry"": 0.667, ""Lecture notes"": 0.083, ""Other (anything that doesn't fit into the other categories!)"": 0.083, ""Refers to other writers/their works"": 0.167}"
12,"Notebook 12 (T5, 2022; scientific notes, poetry)",12261,poetry,0.833,"{""Poetry"": 0.833, ""Refers to other writers/their works"": 0.083, ""Other (anything that doesn't fit into the other categories!)"": 0.083}"
12,"Notebook 12 (T5, 2022; scientific notes, poetry)",12262,poetry,0.833,"{""Poetry"": 0.833, ""Refers to other writers/their works"": 0.167}"
12,"Notebook 12 (T5, 2022; scientific notes, poetry)",12264,poetry,0.857,"{""Poetry"": 0.857, ""Other (anything that doesn't fit into the other categories!)"": 0.143}"
12,"Notebook 12 (T5, 2022; scientific notes, poetry)",12265,poetry,0.875,"{""Poetry"": 0.875, ""Refers to other writers/their works"": 0.125}"
12,"Notebook 12 (T5, 2022; scientific notes, poetry)",12266,poetry,0.889,"{""Poetry"": 0.889, ""Refers to other writers/their works"": 0.111}"
12,"Notebook 12 (T5, 2022; scientific notes, poetry)",12270,poetry,0.75,"{""Poetry"": 0.75, ""Other (anything that doesn't fit into the other categories!)"": 0.125, ""Refers to other writers/their works"": 0.125}"
12,"Notebook 12 (T5, 2022; scientific notes, poetry)",12271,poetry,0.889,"{""Poetry"": 0.889, ""Refers to other writers/their works"": 0.111}"
12,"Notebook 12 (T5, 2022; scientific notes, poetry)",12272,poetry,1.0,"{""Poetry"": 1.0}"
13a,"Notebook 13A (T5, 2022; poetry, travel writing)",01,poetry,1.0,"{""Poetry"": 1.0}"
13a,"Notebook 13A (T5, 2022; poetry, travel writing)",02,poetry,0.818,"{""Poetry"": 0.818, ""Other (anything that doesn't fit into the other categories!)"": 0.182}"
13a,"Notebook 13A (T5, 2022; poetry, travel writing)",03,poetry,1.0,"{""Poetry"": 1.0}"
13a,"Notebook 13A (T5, 2022; poetry, travel writing)",04,poetry,0.9,"{""Poetry"": 0.9, ""Other (anything that doesn't fit into the other categories!)"": 0.1}"
13a,"Notebook 13A (T5, 2022; poetry, travel writing)",05,poetry,0.889,"{""Poetry"": 0.889, ""Other (anything that doesn't fit into the other categories!)"": 0.111}"
13a,"Notebook 13A (T5, 2022; poetry, travel writing)",06,poetry,0.875,"{""Poetry"": 0.875, ""Other (anything that doesn't fit into the other categories!)"": 0.125}"
13a,"Notebook 13A (T5, 2022; poetry, travel writing)",07,poetry,1.0,"{""Poetry"": 1.0}"
13a,"Notebook 13A (T5, 2022; poetry, travel writing)",08,poetry,1.0,"{""Poetry"": 1.0}"
13a,"Notebook 13A (T5, 2022; poetry, travel writing)",09,poetry,1.0,"{""Poetry"": 1.0}"
13a,"Notebook 13A (T5, 2022; poetry, travel writing)",10,poetry,1.0,"{""Poetry"": 1.0}"
13a,"Notebook 13A (T5, 2022; poetry, travel writing)",11,poetry,1.0,"{""Poetry"": 1.0}"
13a,"Notebook 13A (T5, 2022; poetry, travel writing)",12,poetry,1.0,"{""Poetry"": 1.0}"
13a,"Notebook 13A (T5, 2022; poetry, travel writing)",13,poetry,1.0,"{""Poetry"": 1.0}"
13a,"Notebook 13A (T5, 2022; poetry, travel writing)",14,poetry,1.0,"{""Poetry"": 1.0}"
13a,"Notebook 13A (T5, 2022; poetry, travel writing)",15,poetry,0.909,"{""Poetry"": 0.909, ""Other (anything that doesn't fit into the other categories!)"": 0.091}"
13a,"Notebook 13A (T5, 2022; poetry, travel writing)",16,poetry,1.0,"{""Poetry"": 1.0}"
13a,"Notebook 13A (T5, 2022; poetry, travel writing)",17,poetry,1.0,"{""Poetry"": 1.0}"
13a,"Notebook 13A (T5, 2022; poetry, travel writing)",18,poetry,0.889,"{""Poetry"": 0.889, ""Other (anything that doesn't fit into the other categories!)"": 0.111}"
13a,"Notebook 13A (T5, 2022; poetry, travel writing)",19,poetry,1.0,"{""Poetry"": 1.0}"
13a,"Notebook 13A (T5, 2022; poetry, travel writing)",20,poetry,0.545,"{""Other (anything that doesn't fit into the other categories!)"": 0.364, ""Poetry"": 0.545, ""Refers to other writers/their works"": 0.091}"
13a,"Notebook 13A (T5, 2022; poetry, travel writing)",24,poetry,0.7,"{""Other (anything that doesn't fit into the other categories!)"": 0.3, ""Poetry"": 0.7}"
13a,"Notebook 13A (T5, 2022; poetry, travel writing)",25,poetry,0.6,"{""Other (anything that doesn't fit into the other categories!)"": 0.4, ""Poetry"": 0.6}"
13a,"Notebook 13A (T5, 2022; poetry, travel writing)",28,poetry,0.556,"{""Other (anything that doesn't fit into the other categories!)"": 0.444, ""Poetry"": 0.556}"
13a,"Notebook 13A (T5, 2022; poetry, travel writing)",29,poetry,0.643,"{""Other (anything that doesn't fit into the other categories!)"": 0.357, ""Poetry"": 0.643}"
13a,"Notebook 13A (T5, 2022; poetry, travel writing)",32,poetry,0.818,"{""Other (anything that doesn't fit into the other categories!)"": 0.091, ""Poetry"": 0.818, ""Refers to other writers/their works"": 0.091}"
13a,"Notebook 13A (T5, 2022; poetry, travel writing)",36,poetry,0.917,"{""Poetry"": 0.917, ""Other (anything that doesn't fit into the other categories!)"": 0.083}"
13a,"Notebook 13A (T5, 2022; poetry, travel writing)",37,poetry,1.0,"{""Poetry"": 1.0}"
13a,"Notebook 13A (T5, 2022; poetry, travel writing)",39,poetry,0.6,"{""Poetry"": 0.6, ""Other (anything that doesn't fit into the other categories!)"": 0.4}"
13a,"Notebook 13A (T5, 2022; poetry, travel writing)",40,poetry,0.9,"{""Poetry"": 0.9, ""Other (anything that doesn't fit into the other categories!)"": 0.1}"
13a,"Notebook 13A (T5, 2022; poetry, travel writing)",41,poetry,0.889,"{""Poetry"": 0.889, ""Other (anything that doesn't fit into the other categories!)"": 0.111}"
13a,"Notebook 13A (T5, 2022; poetry, travel writing)",48,poetry,0.875,"{""Poetry"": 0.875, ""Other (anything that doesn't fit into the other categories!)"": 0.125}"
13a,"Notebook 13A (T5, 2022; poetry, travel writing)",49,poetry,0.714,"{""Poetry"": 0.714, ""Mathematics"": 0.286}"
13a,"Notebook 13A (T5, 2022; poetry, travel writing)",50,poetry,1.0,"{""Poetry"": 1.0}"
13a,"Notebook 13A (T5, 2022; poetry, travel writing)",51,poetry,1.0,"{""Poetry"": 1.0}"
13a,"Notebook 13A (T5, 2022; poetry, travel writing)",54,poetry,0.8,"{""Poetry"": 0.8, ""Other (anything that doesn't fit into the other categories!)"": 0.2}"
13a,"Notebook 13A (T5, 2022; poetry, travel writing)",55,poetry,1.0,"{""Poetry"": 1.0}"
13a,"Notebook 13A (T5, 2022; poetry, travel writing)",56,poetry,0.8,"{""Philosophy"": 0.2, ""Poetry"": 0.8}"
13a,"Notebook 13A (T5, 2022; poetry, travel writing)",58,poetry,0.833,"{""Other (anything that doesn't fit into the other categories!)"": 0.167, ""Poetry"": 0.833}"
13a,"Notebook 13A (T5, 2022; poetry, travel writing)",59,poetry,1.0,"{""Poetry"": 1.0}"
13a,"Notebook 13A (T5, 2022; poetry, travel writing)",60,poetry,0.75,"{""Other (anything that doesn't fit into the other categories!)"": 0.25, ""Poetry"": 0.75}"
13a,"Notebook 13A (T5, 2022; poetry, travel writing)",61,poetry,1.0,"{""Poetry"": 1.0}"
13a,"Notebook 13A (T5, 2022; poetry, travel writing)",62,poetry,1.0,"{""Poetry"": 1.0}"
13a,"Notebook 13A (T5, 2022; poetry, travel writing)",63,poetry,1.0,"{""Poetry"": 1.0}"
13a,"Notebook 13A (T5, 2022; poetry, travel writing)",64,poetry,0.5,"{""Poetry"": 0.5, ""Other (anything that doesn't fit into the other categories!)"": 0.5}"
13a,"Notebook 13A (T5, 2022; poetry, travel writing)",67,poetry,0.875,"{""Poetry"": 0.875, ""Other (anything that doesn't fit into the other categories!)"": 0.125}"
13a,"Notebook 13A (T5, 2022; poetry, travel writing)",68,poetry,1.0,"{""Poetry"": 1.0}"
13a,"Notebook 13A (T5, 2022; poetry, travel writing)",69,poetry,1.0,"{""Poetry"": 1.0}"
13a,"Notebook 13A (T5, 2022; poetry, travel writing)",71,poetry,0.5,"{""Poetry"": 0.5, ""Other (anything that doesn't fit into the other categories!)"": 0.333, ""Philosophy"": 0.167}"
13a,"Notebook 13A (T5, 2022; poetry, travel writing)",73,poetry,0.8,"{""Other (anything that doesn't fit into the other categories!)"": 0.2, ""Poetry"": 0.8}"
13a,"Notebook 13A (T5, 2022; poetry, travel writing)",74,poetry,1.0,"{""Poetry"": 1.0}"
13a,"Notebook 13A (T5, 2022; poetry, travel writing)",75,poetry,1.0,"{""Poetry"": 1.0}"
13a,"Notebook 13A (T5, 2022; poetry, travel writing)",76,poetry,1.0,"{""Poetry"": 1.0}"
13a,"Notebook 13A (T5, 2022; poetry, travel writing)",77,poetry,1.0,"{""Poetry"": 1.0}"
13a,"Notebook 13A (T5, 2022; poetry, travel writing)",78,poetry,1.0,"{""Poetry"": 1.0}"
13b,"Notebook 13B (T7, 2023; philosophical and travel notes)",001,poetry,1.0,"{""Poetry"": 1.0}"
13b,"Notebook 13B (T7, 2023; philosophical and travel notes)",019,poetry,1.0,"{""Poetry"": 1.0}"
13b,"Notebook 13B (T7, 2023; philosophical and travel notes)",020,poetry,0.5,"{""Poetry"": 0.5, ""Other (anything that doesn't fit into the other categories!)"": 0.5}"
13g,"Notebook 13G (T1, 2021)",115,poetry,0.421,"{""Poetry"": 0.421, ""Chemistry"": 0.368, ""Electrochemistry"": 0.211}"
13g,"Notebook 13G (T1, 2021)",116,poetry,0.75,"{""Electrochemistry"": 0.125, ""Poetry"": 0.75, ""Chemistry"": 0.062, ""Other electric (static, electromagnetism, etc.)"": 0.062}"
13g,"Notebook 13G (T1, 2021)",118,poetry,1.0,"{""Poetry"": 1.0}"
13g,"Notebook 13G (T1, 2021)",120,poetry,1.0,"{""Poetry"": 1.0}"
13g,"Notebook 13G (T1, 2021)",122,poetry,1.0,"{""Poetry"": 1.0}"
13g,"Notebook 13G (T1, 2021)",126,poetry,0.75,"{""Chemistry"": 0.188, ""Poetry"": 0.75, ""Electrochemistry"": 0.062}"
13g,"Notebook 13G (T1, 2021)",130,poetry,1.0,"{""Poetry"": 1.0}"
13g,"Notebook 13G (T1, 2021)",132,poetry,1.0,"{""Poetry"": 1.0}"
13g,"Notebook 13G (T1, 2021)",134,poetry,1.0,"{""Poetry"": 1.0}"
13g,"Notebook 13G (T1, 2021)",136,poetry,1.0,"{""Poetry"": 1.0}"
13g,"Notebook 13G (T1, 2021)",140,poetry,1.0,"{""Poetry"": 1.0}"
13g,"Notebook 13G (T1, 2021)",142,poetry,0.846,"{""Poetry"": 0.846, ""Other (anything that doesn't fit into the other categories!)"": 0.154}"
13g,"Notebook 13G (T1, 2021)",146,poetry,0.917,"{""Poetry"": 0.917, ""Refers to other writers/their works"": 0.083}"
13g,"Notebook 13G (T1, 2021)",148,poetry,1.0,"{""Poetry"": 1.0}"
13g,"Notebook 13G (T1, 2021)",150,poetry,1.0,"{""Poetry"": 1.0}"
13g,"Notebook 13G (T1, 2021)",152,poetry,1.0,"{""Poetry"": 1.0}"
13g,"Notebook 13G (T1, 2021)",154,poetry,1.0,"{""Poetry"": 1.0}"
13g,"Notebook 13G (T1, 2021)",158,poetry,0.909,"{""Poetry"": 0.909, ""Other electric (static, electromagnetism, etc.)"": 0.045, ""Other (anything that doesn't fit into the other categories!)"": 0.045}"
13g,"Notebook 13G (T1, 2021)",160,poetry,0.857,"{""Poetry"": 0.857, ""Philosophy"": 0.143}"
13g,"Notebook 13G (T1, 2021)",162,poetry,0.955,"{""Poetry"": 0.955, ""Philosophy"": 0.045}"
13g,"Notebook 13G (T1, 2021)",166,poetry,1.0,"{""Poetry"": 1.0}"
13g,"Notebook 13G (T1, 2021)",168,poetry,1.0,"{""Poetry"": 1.0}"
13h,"Notebook 13H (T1, 2021)",001,poetry,0.864,"{""Poetry"": 0.864, ""Philosophy"": 0.045, ""Other (anything that doesn't fit into the other categories!)"": 0.091}"
13h,"Notebook 13H (T1, 2021)",003,poetry,0.75,"{""Poetry"": 0.75, ""Philosophy"": 0.167, ""Other (anything that doesn't fit into the other categories!)"": 0.083}"
13h,"Notebook 13H (T1, 2021)",004,poetry,1.0,"{""Poetry"": 1.0}"
13h,"Notebook 13H (T1, 2021)",032,poetry,1.0,"{""Poetry"": 1.0}"
13h,"Notebook 13H (T1, 2021)",033,poetry,1.0,"{""Poetry"": 1.0}"
13h,"Notebook 13H (T1, 2021)",036,poetry,0.6,"{""Poetry"": 0.6, ""Philosophy"": 0.4}"
13h,"Notebook 13H (T1, 2021)",038,poetry,0.917,"{""Poetry"": 0.917, ""Philosophy"": 0.083}"
13h,"Notebook 13H (T1, 2021)",039,poetry,0.786,"{""Poetry"": 0.786, ""Philosophy"": 0.214}"
13h,"Notebook 13H (T1, 2021)",040,poetry,1.0,"{""Poetry"": 1.0}"
13h,"Notebook 13H (T1, 2021)",041,poetry,1.0,"{""Poetry"": 1.0}"
13h,"Notebook 13H (T1, 2021)",042,poetry,0.818,"{""Poetry"": 0.818, ""Lecture notes"": 0.045, ""Philosophy"": 0.045, ""Other (anything that doesn't fit into the other categories!)"": 0.091}"
13h,"Notebook 13H (T1, 2021)",043,poetry,0.929,"{""Poetry"": 0.929, ""Philosophy"": 0.071}"
13h,"Notebook 13H (T1, 2021)",044,poetry,0.941,"{""Poetry"": 0.941, ""Other (anything that doesn't fit into the other categories!)"": 0.059}"
13h,"Notebook 13H (T1, 2021)",045,poetry,1.0,"{""Poetry"": 1.0}"
13h,"Notebook 13H (T1, 2021)",046,poetry,0.909,"{""Poetry"": 0.909, ""Agriculture"": 0.045, ""Other (anything that doesn't fit into the other categories!)"": 0.045}"
13h,"Notebook 13H (T1, 2021)",047,poetry,0.95,"{""Poetry"": 0.95, ""Geology"": 0.05}"
13h,"Notebook 13H (T1, 2021)",048,poetry,1.0,"{""Poetry"": 1.0}"
13h,"Notebook 13H (T1, 2021)",049,poetry,1.0,"{""Poetry"": 1.0}"
13h,"Notebook 13H (T1, 2021)",050,poetry,1.0,"{""Poetry"": 1.0}"
13h,"Notebook 13H (T1, 2021)",051,poetry,0.905,"{""Poetry"": 0.905, ""Other (anything that doesn't fit into the other categories!)"": 0.048, ""Philosophy"": 0.048}"
13h,"Notebook 13H (T1, 2021)",052,poetry,0.895,"{""Poetry"": 0.895, ""Lecture notes"": 0.053, ""Other (anything that doesn't fit into the other categories!)"": 0.053}"
13h,"Notebook 13H (T1, 2021)",053,poetry,1.0,"{""Poetry"": 1.0}"
13h,"Notebook 13H (T1, 2021)",054,poetry,1.0,"{""Poetry"": 1.0}"
13h,"Notebook 13H (T1, 2021)",055,poetry,0.889,"{""Poetry"": 0.889, ""Philosophy"": 0.111}"
13h,"Notebook 13H (T1, 2021)",056,poetry,1.0,"{""Poetry"": 1.0}"
13h,"Notebook 13H (T1, 2021)",057,poetry,1.0,"{""Poetry"": 1.0}"
13h,"Notebook 13H (T1, 2021)",058,poetry,1.0,"{""Poetry"": 1.0}"
13h,"Notebook 13H (T1, 2021)",059,poetry,1.0,"{""Poetry"": 1.0}"
13h,"Notebook 13H (T1, 2021)",060,poetry,1.0,"{""Poetry"": 1.0}"
13h,"Notebook 13H (T1, 2021)",061,poetry,1.0,"{""Poetry"": 1.0}"
13h,"Notebook 13H (T1, 2021)",063,poetry,0.833,"{""Poetry"": 0.833, ""Other (anything that doesn't fit into the other categories!)"": 0.083, ""Astronomy"": 0.083}"
13h,"Notebook 13H (T1, 2021)",064,poetry,0.909,"{""Poetry"": 0.909, ""Other (anything that doesn't fit into the other categories!)"": 0.091}"
13h,"Notebook 13H (T1, 2021)",065,poetry,1.0,"{""Poetry"": 1.0}"
13h,"Notebook 13H (T1, 2021)",066,poetry,0.778,"{""Poetry"": 0.778, ""Other (anything that doesn't fit into the other categories!)"": 0.111, ""Philosophy"": 0.111}"
13h,"Notebook 13H (T1, 2021)",067,poetry,0.889,"{""Poetry"": 0.889, ""Astronomy"": 0.111}"
13h,"Notebook 13H (T1, 2021)",068,poetry,0.875,"{""Poetry"": 0.875, ""Other (anything that doesn't fit into the other categories!)"": 0.125}"
13h,"Notebook 13H (T1, 2021)",069,poetry,1.0,"{""Poetry"": 1.0}"
13h,"Notebook 13H (T1, 2021)",070,poetry,0.933,"{""Poetry"": 0.933, ""Philosophy"": 0.067}"
13h,"Notebook 13H (T1, 2021)",071,poetry,1.0,"{""Poetry"": 1.0}"
13h,"Notebook 13H (T1, 2021)",072,poetry,1.0,"{""Poetry"": 1.0}"
13h,"Notebook 13H (T1, 2021)",073,poetry,1.0,"{""Poetry"": 1.0}"
13h,"Notebook 13H (T1, 2021)",074,poetry,1.0,"{""Poetry"": 1.0}"
13h,"Notebook 13H (T1, 2021)",075,poetry,1.0,"{""Poetry"": 1.0}"
13h,"Notebook 13H (T1, 2021)",076,poetry,1.0,"{""Poetry"": 1.0}"
13h,"Notebook 13H (T1, 2021)",077,poetry,0.75,"{""Poetry"": 0.75, ""Astronomy"": 0.15, ""Other (anything that doesn't fit into the other categories!)"": 0.1}"
13i,"Notebook 13I (T3, 2021; poetry, chemical and scientific notes)",005,poetry,0.786,"{""Poetry"": 0.786, ""Philosophy"": 0.071, ""Refers to other writers/their works"": 0.071, ""Other (anything that doesn't fit into the other categories!)"": 0.071}"
13i,"Notebook 13I (T3, 2021; poetry, chemical and scientific notes)",006,poetry,0.778,"{""Poetry"": 0.778, ""Philosophy"": 0.111, ""Refers to other writers/their works"": 0.111}"
13i,"Notebook 13I (T3, 2021; poetry, chemical and scientific notes)",007,poetry,0.75,"{""Philosophy"": 0.125, ""Poetry"": 0.75, ""Refers to other writers/their works"": 0.125}"
13i,"Notebook 13I (T3, 2021; poetry, chemical and scientific notes)",008,poetry,0.75,"{""Poetry"": 0.75, ""Philosophy"": 0.125, ""Refers to other writers/their works"": 0.125}"
13i,"Notebook 13I (T3, 2021; poetry, chemical and scientific notes)",009,poetry,0.75,"{""Philosophy"": 0.125, ""Poetry"": 0.75, ""Refers to other writers/their works"": 0.125}"
13i,"Notebook 13I (T3, 2021; poetry, chemical and scientific notes)",010,poetry,0.833,"{""Philosophy"": 0.167, ""Poetry"": 0.833}"
13i,"Notebook 13I (T3, 2021; poetry, chemical and scientific notes)",011,poetry,0.714,"{""Poetry"": 0.714, ""Philosophy"": 0.143, ""Refers to other writers/their works"": 0.143}"
13i,"Notebook 13I (T3, 2021; poetry, chemical and scientific notes)",013,poetry,1.0,"{""Poetry"": 1.0}"
13i,"Notebook 13I (T3, 2021; poetry, chemical and scientific notes)",014,poetry,1.0,"{""Poetry"": 1.0}"
13i,"Notebook 13I (T3, 2021; poetry, chemical and scientific notes)",015,poetry,1.0,"{""Poetry"": 1.0}"
13i,"Notebook 13I (T3, 2021; poetry, chemical and scientific notes)",016,poetry,1.0,"{""Poetry"": 1.0}"
13i,"Notebook 13I (T3, 2021; poetry, chemical and scientific notes)",017,poetry,1.0,"{""Poetry"": 1.0}"
13i,"Notebook 13I (T3, 2021; poetry, chemical and scientific notes)",018,poetry,1.0,"{""Poetry"": 1.0}"
13i,"Notebook 13I (T3, 2021; poetry, chemical and scientific notes)",019,poetry,1.0,"{""Poetry"": 1.0}"
13i,"Notebook 13I (T3, 2021; poetry, chemical and scientific notes)",020,poetry,1.0,"{""Poetry"": 1.0}"
13i,"Notebook 13I (T3, 2021; poetry, chemical and scientific notes)",021,poetry,1.0,"{""Poetry"": 1.0}"
13i,"Notebook 13I (T3, 2021; poetry, chemical and scientific notes)",022,poetry,1.0,"{""Poetry"": 1.0}"
13i,"Notebook 13I (T3, 2021; poetry, chemical and scientific notes)",023,poetry,1.0,"{""Poetry"": 1.0}"
13i,"Notebook 13I (T3, 2021; poetry, chemical and scientific notes)",024,poetry,1.0,"{""Poetry"": 1.0}"
13i,"Notebook 13I (T3, 2021; poetry, chemical and scientific notes)",025,poetry,1.0,"{""Poetry"": 1.0}"
13i,"Notebook 13I (T3, 2021; poetry, chemical and scientific notes)",026,poetry,1.0,"{""Poetry"": 1.0}"
13i,"Notebook 13I (T3, 2021; poetry, chemical and scientific notes)",027,poetry,1.0,"{""Poetry"": 1.0}"
13i,"Notebook 13I (T3, 2021; poetry, chemical and scientific notes)",028,poetry,1.0,"{""Poetry"": 1.0}"
13i,"Notebook 13I (T3, 2021; poetry, chemical and scientific notes)",029,poetry,1.0,"{""Poetry"": 1.0}"
13i,"Notebook 13I (T3, 2021; poetry, chemical and scientific notes)",030,poetry,1.0,"{""Poetry"": 1.0}"
13i,"Notebook 13I (T3, 2021; poetry, chemical and scientific notes)",031,poetry,1.0,"{""Poetry"": 1.0}"
13i,"Notebook 13I (T3, 2021; poetry, chemical and scientific notes)",032,poetry,1.0,"{""Poetry"": 1.0}"
13i,"Notebook 13I (T3, 2021; poetry, chemical and scientific notes)",033,poetry,0.875,"{""Poetry"": 0.875, ""Other (anything that doesn't fit into the other categories!)"": 0.125}"
13i,"Notebook 13I (T3, 2021; poetry, chemical and scientific notes)",034,poetry,1.0,"{""Poetry"": 1.0}"
13i,"Notebook 13I (T3, 2021; poetry, chemical and scientific notes)",035,poetry,1.0,"{""Poetry"": 1.0}"
13i,"Notebook 13I (T3, 2021; poetry, chemical and scientific notes)",077,poetry,0.75,"{""Poetry"": 0.75, ""Other (anything that doesn't fit into the other categories!)"": 0.25}"
13i,"Notebook 13I (T3, 2021; poetry, chemical and scientific notes)",105,poetry,1.0,"{""Poetry"": 1.0}"
13i,"Notebook 13I (T3, 2021; poetry, chemical and scientific notes)",106,poetry,0.938,"{""Poetry"": 0.938, ""Philosophy"": 0.062}"
13i,"Notebook 13I (T3, 2021; poetry, chemical and scientific notes)",107,poetry,1.0,"{""Poetry"": 1.0}"
13i,"Notebook 13I (T3, 2021; poetry, chemical and scientific notes)",108,poetry,1.0,"{""Poetry"": 1.0}"
13i,"Notebook 13I (T3, 2021; poetry, chemical and scientific notes)",109,poetry,1.0,"{""Poetry"": 1.0}"
13i,"Notebook 13I (T3, 2021; poetry, chemical and scientific notes)",110,poetry,1.0,"{""Poetry"": 1.0}"
13i,"Notebook 13I (T3, 2021; poetry, chemical and scientific notes)",114,poetry,0.875,"{""Poetry"": 0.875, ""Other (anything that doesn't fit into the other categories!)"": 0.125}"
13i,"Notebook 13I (T3, 2021; poetry, chemical and scientific notes)",158,poetry,1.0,"{""Poetry"": 1.0}"
13j,"Notebook 13J (T5, 2022; scientific notes, poetry) [U3A]",003,poetry,1.0,"{""Poetry"": 1.0}"
13j,"Notebook 13J (T5, 2022; scientific notes, poetry) [U3A]",005,poetry,1.0,"{""Poetry"": 1.0}"
13j,"Notebook 13J (T5, 2022; scientific notes, poetry) [U3A]",009,poetry,1.0,"{""Poetry"": 1.0}"
13j,"Notebook 13J (T5, 2022; scientific notes, poetry) [U3A]",011,poetry,1.0,"{""Poetry"": 1.0}"
13j,"Notebook 13J (T5, 2022; scientific notes, poetry) [U3A]",013,poetry,0.875,"{""Poetry"": 0.875, ""Other (anything that doesn't fit into the other categories!)"": 0.125}"
13j,"Notebook 13J (T5, 2022; scientific notes, poetry) [U3A]",016,poetry,1.0,"{""Poetry"": 1.0}"
13j,"Notebook 13J (T5, 2022; scientific notes, poetry) [U3A]",017,poetry,0.812,"{""Poetry"": 0.812, ""Refers to other writers/their works"": 0.125, ""Lecture notes"": 0.062}"
13j,"Notebook 13J (T5, 2022; scientific notes, poetry) [U3A]",019,poetry,1.0,"{""Poetry"": 1.0}"
13j,"Notebook 13J (T5, 2022; scientific notes, poetry) [U3A]",021,poetry,1.0,"{""Poetry"": 1.0}"
13j,"Notebook 13J (T5, 2022; scientific notes, poetry) [U3A]",022,poetry,0.917,"{""Poetry"": 0.917, ""Philosophy"": 0.083}"
13j,"Notebook 13J (T5, 2022; scientific notes, poetry) [U3A]",023,poetry,0.8,"{""Poetry"": 0.8, ""Philosophy"": 0.1, ""Other (anything that doesn't fit into the other categories!)"": 0.1}"
13j,"Notebook 13J (T5, 2022; scientific notes, poetry) [U3A]",024,poetry,0.889,"{""Poetry"": 0.889, ""Philosophy"": 0.111}"
13j,"Notebook 13J (T5, 2022; scientific notes, poetry) [U3A]",025,poetry,1.0,"{""Poetry"": 1.0}"
13j,"Notebook 13J (T5, 2022; scientific notes, poetry) [U3A]",027,poetry,1.0,"{""Poetry"": 1.0}"
13j,"Notebook 13J (T5, 2022; scientific notes, poetry) [U3A]",029,poetry,1.0,"{""Poetry"": 1.0}"
13j,"Notebook 13J (T5, 2022; scientific notes, poetry) [U3A]",030,poetry,0.875,"{""Poetry"": 0.875, ""Other (anything that doesn't fit into the other categories!)"": 0.125}"
13j,"Notebook 13J (T5, 2022; scientific notes, poetry) [U3A]",031,poetry,1.0,"{""Poetry"": 1.0}"
13j,"Notebook 13J (T5, 2022; scientific notes, poetry) [U3A]",032,poetry,1.0,"{""Poetry"": 1.0}"
13j,"Notebook 13J (T5, 2022; scientific notes, poetry) [U3A]",035,poetry,0.8,"{""Poetry"": 0.8, ""Other (anything that doesn't fit into the other categories!)"": 0.2}"
13j,"Notebook 13J (T5, 2022; scientific notes, poetry) [U3A]",050,poetry,0.5,"{""Poetry"": 0.5, ""Other (anything that doesn't fit into the other categories!)"": 0.5}"
13j,"Notebook 13J (T5, 2022; scientific notes, poetry) [U3A]",064,poetry,0.7,"{""Poetry"": 0.7, ""Astronomy"": 0.1, ""Other (anything that doesn't fit into the other categories!)"": 0.2}"
13j,"Notebook 13J (T5, 2022; scientific notes, poetry) [U3A]",065,poetry,0.765,"{""Poetry"": 0.765, ""Medicine"": 0.059, ""Chemistry"": 0.059, ""Electrochemistry"": 0.059, ""Astronomy"": 0.059}"
13j,"Notebook 13J (T5, 2022; scientific notes, poetry) [U3A]",066,poetry,0.85,"{""Poetry"": 0.85, ""Astronomy"": 0.05, ""Chemistry"": 0.05, ""Other (anything that doesn't fit into the other categories!)"": 0.05}"
13j,"Notebook 13J (T5, 2022; scientific notes, poetry) [U3A]",067,poetry,0.667,"{""Poetry"": 0.667, ""Other electric (static, electromagnetism, etc.)"": 0.167, ""Astronomy"": 0.167}"
13j,"Notebook 13J (T5, 2022; scientific notes, poetry) [U3A]",068,poetry,0.917,"{""Poetry"": 0.917, ""Astronomy"": 0.083}"
13j,"Notebook 13J (T5, 2022; scientific notes, poetry) [U3A]",069,poetry,0.786,"{""Poetry"": 0.786, ""Astronomy"": 0.071, ""Other (anything that doesn't fit into the other categories!)"": 0.071, ""Agriculture"": 0.071}"
13j,"Notebook 13J (T5, 2022; scientific notes, poetry) [U3A]",070,poetry,0.786,"{""Poetry"": 0.786, ""Chemistry"": 0.071, ""Other (anything that doesn't fit into the other categories!)"": 0.071, ""Agriculture"": 0.071}"
13j,"Notebook 13J (T5, 2022; scientific notes, poetry) [U3A]",071,poetry,0.8,"{""Astronomy"": 0.1, ""Poetry"": 0.8, ""Other (anything that doesn't fit into the other categories!)"": 0.1}"
13j,"Notebook 13J (T5, 2022; scientific notes, poetry) [U3A]",072,poetry,0.75,"{""Poetry"": 0.75, ""Chemistry"": 0.083, ""Other (anything that doesn't fit into the other categories!)"": 0.167}"
13j,"Notebook 13J (T5, 2022; scientific notes, poetry) [U3A]",073,poetry,0.556,"{""Refers to other writers/their works"": 0.111, ""Agriculture"": 0.111, ""Poetry"": 0.556, ""Other (anything that doesn't fit into the other categories!)"": 0.222}"
13j,"Notebook 13J (T5, 2022; scientific notes, poetry) [U3A]",074,poetry,0.818,"{""Astronomy"": 0.091, ""Poetry"": 0.818, ""Other (anything that doesn't fit into the other categories!)"": 0.091}"
13j,"Notebook 13J (T5, 2022; scientific notes, poetry) [U3A]",075,poetry,0.857,"{""Agriculture"": 0.071, ""Poetry"": 0.857, ""Other (anything that doesn't fit into the other categories!)"": 0.071}"
13j,"Notebook 13J (T5, 2022; scientific notes, poetry) [U3A]",076,poetry,0.778,"{""Agriculture"": 0.111, ""Poetry"": 0.778, ""Other (anything that doesn't fit into the other categories!)"": 0.111}"
13j,"Notebook 13J (T5, 2022; scientific notes, poetry) [U3A]",078,poetry,0.7,"{""Mathematics"": 0.1, ""Poetry"": 0.7, ""Other (anything that doesn't fit into the other categories!)"": 0.2}"
13j,"Notebook 13J (T5, 2022; scientific notes, poetry) [U3A]",079,poetry,0.778,"{""Refers to other writers/their works"": 0.111, ""Poetry"": 0.778, ""Other (anything that doesn't fit into the other categories!)"": 0.111}"
13j,"Notebook 13J (T5, 2022; scientific notes, poetry) [U3A]",082,poetry,0.8,"{""Astronomy"": 0.1, ""Poetry"": 0.8, ""Other (anything that doesn't fit into the other categories!)"": 0.1}"
13j,"Notebook 13J (T5, 2022; scientific notes, poetry) [U3A]",083,poetry,0.8,"{""Electrochemistry"": 0.1, ""Poetry"": 0.8, ""Other (anything that doesn't fit into the other categories!)"": 0.1}"
13j,"Notebook 13J (T5, 2022; scientific notes, poetry) [U3A]",084,poetry,0.833,"{""Astronomy"": 0.083, ""Poetry"": 0.833, ""Other (anything that doesn't fit into the other categories!)"": 0.083}"
13j,"Notebook 13J (T5, 2022; scientific notes, poetry) [U3A]",085,poetry,0.769,"{""Astronomy"": 0.077, ""Refers to other writers/their works"": 0.077, ""Poetry"": 0.769, ""Other (anything that doesn't fit into the other categories!)"": 0.077}"
13j,"Notebook 13J (T5, 2022; scientific notes, poetry) [U3A]",086,poetry,0.8,"{""Mathematics"": 0.1, ""Poetry"": 0.8, ""Other (anything that doesn't fit into the other categories!)"": 0.1}"
13j,"Notebook 13J (T5, 2022; scientific notes, poetry) [U3A]",087,poetry,0.769,"{""Mathematics"": 0.077, ""Poetry"": 0.769, ""Other (anything that doesn't fit into the other categories!)"": 0.077, ""Philosophy"": 0.077}"
13j,"Notebook 13J (T5, 2022; scientific notes, poetry) [U3A]",088,poetry,0.75,"{""Other (anything that doesn't fit into the other categories!)"": 0.25, ""Poetry"": 0.75}"
13j,"Notebook 13J (T5, 2022; scientific notes, poetry) [U3A]",092,poetry,0.769,"{""Electrochemistry"": 0.077, ""Poetry"": 0.769, ""Other (anything that doesn't fit into the other categories!)"": 0.077, ""Geology"": 0.077}"
13j,"Notebook 13J (T5, 2022; scientific notes, poetry) [U3A]",093,poetry,0.824,"{""Agriculture"": 0.059, ""Poetry"": 0.824, ""Other (anything that doesn't fit into the other categories!)"": 0.059, ""Geology"": 0.059}"
13j,"Notebook 13J (T5, 2022; scientific notes, poetry) [U3A]",117,poetry,0.455,"{""Poetry"": 0.455, ""Chemistry"": 0.455, ""Other (anything that doesn't fit into the other categories!)"": 0.091}"
13j,"Notebook 13J (T5, 2022; scientific notes, poetry) [U3A]",118,poetry,0.714,"{""Poetry"": 0.714, ""Chemistry"": 0.143, ""Other (anything that doesn't fit into the other categories!)"": 0.143}"
14e,Notebook 14E,47,poetry,0.4,"{""Poetry"": 0.4, ""Science"": 0.4, ""Philosophy"": 0.2}"
14e,Notebook 14E,48,poetry,0.667,"{""Poetry"": 0.667, ""Other"": 0.333}"
14e,Notebook 14E,51,poetry,1.0,"{""Poetry"": 1.0}"
14e,Notebook 14E,52,poetry,0.667,"{""Poetry"": 0.667, ""Other"": 0.333}"
14e,Notebook 14E,53,poetry,0.75,"{""Poetry"": 0.75, ""Other"": 0.25}"
14e,Notebook 14E,54,poetry,1.0,"{""Poetry"": 1.0}"
14e,Notebook 14E,55,poetry,1.0,"{""Poetry"": 1.0}"
14e,Notebook 14E,56,poetry,0.75,"{""Poetry"": 0.75, ""Other"": 0.25}"
14e,Notebook 14E,57,poetry,0.333,"{""Poetry"": 0.333, ""Other"": 0.333, ""Science"": 0.333}"
14e,Notebook 14E,58,poetry,0.6,"{""Poetry"": 0.6, ""Other"": 0.2, ""Science"": 0.2}"
14e,Notebook 14E,59,poetry,1.0,"{""Poetry"": 1.0}"
14e,Notebook 14E,60,poetry,0.667,"{""Poetry"": 0.667, ""Other"": 0.333}"
14e,Notebook 14E,61,poetry,0.75,"{""Poetry"": 0.75, ""Philosophy"": 0.25}"
14e,Notebook 14E,62,poetry,0.667,"{""Poetry"": 0.667, ""Other"": 0.333}"
14e,Notebook 14E,63,poetry,0.6,"{""Poetry"": 0.6, ""Philosophy"": 0.2, ""Other"": 0.2}"
14e,Notebook 14E,64,poetry,1.0,"{""Poetry"": 1.0}"
14e,Notebook 14E,65,poetry,0.6,"{""Poetry"": 0.6, ""Other"": 0.2, ""Philosophy"": 0.2}"
14e,Notebook 14E,66,poetry,0.667,"{""Other"": 0.333, ""Poetry"": 0.667}"
14e,Notebook 14E,67,poetry,1.0,"{""Poetry"": 1.0}"
14e,Notebook 14E,69,poetry,1.0,"{""Poetry"": 1.0}"
14e,Notebook 14E,70,poetry,0.667,"{""Poetry"": 0.667, ""Other"": 0.333}"
14e,Notebook 14E,71,poetry,0.667,"{""Poetry"": 0.667, ""Other"": 0.333}"
14e,Notebook 14E,72,poetry,0.75,"{""Poetry"": 0.75, ""Other"": 0.25}"
14e,Notebook 14E,74,poetry,0.667,"{""Science"": 0.333, ""Poetry"": 0.667}"
14e,Notebook 14E,77,poetry,0.667,"{""Philosophy"": 0.333, ""Poetry"": 0.667}"
14e,Notebook 14E,78,poetry,0.667,"{""Other"": 0.333, ""Poetry"": 0.667}"
14e,Notebook 14E,79,poetry,0.5,"{""Poetry"": 0.5, ""Other"": 0.5}"
14e,Notebook 14E,80,poetry,1.0,"{""Poetry"": 1.0}"
14e,Notebook 14E,82,poetry,0.667,"{""Philosophy"": 0.333, ""Poetry"": 0.667}"
14e,Notebook 14E,83,poetry,0.75,"{""Poetry"": 0.75, ""Philosophy"": 0.25}"
14e,Notebook 14E,86,poetry,1.0,"{""Poetry"": 1.0}"
14e,Notebook 14E,87,poetry,1.0,"{""Poetry"": 1.0}"
14e,Notebook 14E,88,poetry,0.667,"{""Poetry"": 0.667, ""Other"": 0.333}"
14e,Notebook 14E,89,poetry,0.667,"{""Poetry"": 0.667, ""Science"": 0.333}"
14e,Notebook 14E,90,poetry,0.333,"{""Poetry"": 0.333, ""Philosophy"": 0.333, ""Other"": 0.333}"
14e,Notebook 14E,91,poetry,0.333,"{""Poetry"": 0.333, ""Philosophy"": 0.333, ""Science"": 0.333}"
14e,Notebook 14E,92,poetry,1.0,"{""Poetry"": 1.0}"
14e,Notebook 14E,97,poetry,0.75,"{""Poetry"": 0.75, ""Philosophy"": 0.25}"
14e,Notebook 14E,98,poetry,1.0,"{""Poetry"": 1.0}"
14e,Notebook 14E,99,poetry,0.6,"{""Poetry"": 0.6, ""Philosophy"": 0.4}"
14e,Notebook 14E,100,poetry,0.667,"{""Other"": 0.333, ""Poetry"": 0.667}"
14e,Notebook 14E,101,poetry,1.0,"{""Poetry"": 1.0}"
14e,Notebook 14E,102,poetry,1.0,"{""Poetry"": 1.0}"
14e,Notebook 14E,103,poetry,1.0,"{""Poetry"": 1.0}"
14e,Notebook 14E,104,poetry,1.0,"{""Poetry"": 1.0}"
14e,Notebook 14E,106,poetry,0.667,"{""Other"": 0.333, ""Poetry"": 0.667}"
14e,Notebook 14E,107,poetry,1.0,"{""Poetry"": 1.0}"
14e,Notebook 14E,108,poetry,0.5,"{""Poetry"": 0.5, ""Other"": 0.5}"
14e,Notebook 14E,110,poetry,1.0,"{""Poetry"": 1.0}"
14e,Notebook 14E,111,poetry,0.5,"{""Poetry"": 0.5, ""Philosophy"": 0.25, ""Other"": 0.25}"
14e,Notebook 14E,112,poetry,0.75,"{""Poetry"": 0.75, ""Philosophy"": 0.25}"
14e,Notebook 14E,114,poetry,1.0,"{""Poetry"": 1.0}"
14e,Notebook 14E,116,poetry,0.5,"{""Poetry"": 0.5, ""Philosophy"": 0.5}"
14e,Notebook 14E,120,poetry,0.5,"{""Philosophy"": 0.25, ""Other"": 0.25, ""Poetry"": 0.5}"
14e,Notebook 14E,121,poetry,0.333,"{""Poetry"": 0.333, ""Other"": 0.333, ""Philosophy"": 0.333}"
14e,Notebook 14E,122,poetry,0.667,"{""Poetry"": 0.667, ""Other"": 0.333}"
14e,Notebook 14E,123,poetry,1.0,"{""Poetry"": 1.0}"
14e,Notebook 14E,124,poetry,0.75,"{""Poetry"": 0.75, ""Other"": 0.25}"
14e,Notebook 14E,125,poetry,1.0,"{""Poetry"": 1.0}"
14e,Notebook 14E,126,poetry,1.0,"{""Poetry"": 1.0}"
14e,Notebook 14E,128,poetry,1.0,"{""Poetry"": 1.0}"
14e,Notebook 14E,129,poetry,0.667,"{""Poetry"": 0.667, ""Other"": 0.333}"
14e,Notebook 14E,130,poetry,0.667,"{""Poetry"": 0.667, ""Other"": 0.333}"
14e,Notebook 14E,132,poetry,0.25,"{""Poetry"": 0.25, ""Science"": 0.25, ""Philosophy"": 0.25, ""Other"": 0.25}"
14e,Notebook 14E,133,poetry,0.667,"{""Poetry"": 0.667, ""Other"": 0.333}"
14e,Notebook 14E,134,poetry,1.0,"{""Poetry"": 1.0}"
14e,Notebook 14E,135,poetry,0.667,"{""Other"": 0.333, ""Poetry"": 0.667}"
14e,Notebook 14E,136,poetry,0.333,"{""Poetry"": 0.333, ""Philosophy"": 0.333, ""Other"": 0.333}"
14e,Notebook 14E,152,poetry,0.667,"{""Poetry"": 0.667, ""Geology"": 0.333}"
14e,Notebook 14E,153,poetry,0.667,"{""Poetry"": 0.667, ""Science"": 0.333}"
14e,Notebook 14E,156,poetry,1.0,"{""Poetry"": 1.0}"
14e,Notebook 14E,157,poetry,1.0,"{""Poetry"": 1.0}"
14e,Notebook 14E,159,poetry,0.667,"{""Other"": 0.333, ""Poetry"": 0.667}"
14e,Notebook 14E,161,poetry,0.6,"{""Poetry"": 0.6, ""Philosophy"": 0.4}"
14e,Notebook 14E,164,poetry,0.4,"{""Poetry"": 0.4, ""Philosophy"": 0.4, ""Other"": 0.2}"
14e,Notebook 14E,165,poetry,1.0,"{""Poetry"": 1.0}"
14e,Notebook 14E,167,poetry,1.0,"{""Poetry"": 1.0}"
14e,Notebook 14E,168,poetry,0.667,"{""Poetry"": 0.667, ""Philosophy"": 0.333}"
14e,Notebook 14E,174,poetry,0.333,"{""Poetry"": 0.333, ""Other"": 0.333, ""Philosophy"": 0.333}"
14e,Notebook 14E,183,poetry,0.667,"{""Poetry"": 0.667, ""Philosophy"": 0.333}"
14e,Notebook 14E,184,poetry,0.667,"{""Poetry"": 0.667, ""Philosophy"": 0.333}"
14e,Notebook 14E,185,poetry,1.0,"{""Poetry"": 1.0}"
14g,"Notebook 14G (T5, 2022; geology, poetry)",020,poetry,0.625,"{""Other (anything that doesn't fit into the other categories!)"": 0.125, ""Poetry"": 0.625, ""Refers to other writers/their works"": 0.125, ""Philosophy"": 0.125}"
14g,"Notebook 14G (T5, 2022; geology, poetry)",021,poetry,0.647,"{""Poetry"": 0.647, ""Other (anything that doesn't fit into the other categories!)"": 0.118, ""Philosophy"": 0.059, ""Lecture notes"": 0.118, ""Chemistry"": 0.059}"
14g,"Notebook 14G (T5, 2022; geology, poetry)",025,poetry,0.615,"{""Philosophy"": 0.077, ""Other (anything that doesn't fit into the other categories!)"": 0.308, ""Poetry"": 0.615}"
14g,"Notebook 14G (T5, 2022; geology, poetry)",026,poetry,0.636,"{""Poetry"": 0.636, ""Philosophy"": 0.182, ""Other (anything that doesn't fit into the other categories!)"": 0.182}"
14g,"Notebook 14G (T5, 2022; geology, poetry)",039,poetry,0.8,"{""Poetry"": 0.8, ""Philosophy"": 0.1, ""Other (anything that doesn't fit into the other categories!)"": 0.1}"
14g,"Notebook 14G (T5, 2022; geology, poetry)",040,poetry,0.778,"{""Poetry"": 0.778, ""Philosophy"": 0.111, ""Other (anything that doesn't fit into the other categories!)"": 0.111}"
14g,"Notebook 14G (T5, 2022; geology, poetry)",041,poetry,0.8,"{""Poetry"": 0.8, ""Other (anything that doesn't fit into the other categories!)"": 0.2}"
14g,"Notebook 14G (T5, 2022; geology, poetry)",042,poetry,0.462,"{""Poetry"": 0.462, ""Mathematics"": 0.385, ""Other (anything that doesn't fit into the other categories!)"": 0.154}"
14g,"Notebook 14G (T5, 2022; geology, poetry)",043,poetry,0.455,"{""Poetry"": 0.455, ""Mathematics"": 0.273, ""Lecture notes"": 0.045, ""Other (anything that doesn't fit into the other categories!)"": 0.091, ""Philosophy"": 0.045, ""Astronomy"": 0.045, ""Chemistry"": 0.045}"
14g,"Notebook 14G (T5, 2022; geology, poetry)",091,poetry,0.364,"{""Other electric (static, electromagnetism, etc.)"": 0.091, ""Poetry"": 0.364, ""Geology"": 0.182, ""Other (anything that doesn't fit into the other categories!)"": 0.182, ""Chemistry"": 0.091, ""Philosophy"": 0.091}"
14g,"Notebook 14G (T5, 2022; geology, poetry)",092,poetry,0.444,"{""Poetry"": 0.444, ""Other (anything that doesn't fit into the other categories!)"": 0.444, ""Lecture notes"": 0.111}"
14g,"Notebook 14G (T5, 2022; geology, poetry)",093,poetry,1.0,"{""Poetry"": 1.0}"
14g,"Notebook 14G (T5, 2022; geology, poetry)",094,poetry,1.0,"{""Poetry"": 1.0}"
14g,"Notebook 14G (T5, 2022; geology, poetry)",095,poetry,0.8,"{""Poetry"": 0.8, ""Other (anything that doesn't fit into the other categories!)"": 0.2}"
14g,"Notebook 14G (T5, 2022; geology, poetry)",096,poetry,0.857,"{""Poetry"": 0.857, ""Philosophy"": 0.143}"
14g,"Notebook 14G (T5, 2022; geology, poetry)",097,poetry,0.833,"{""Poetry"": 0.833, ""Philosophy"": 0.167}"
14g,"Notebook 14G (T5, 2022; geology, poetry)",098,poetry,0.5,"{""Lecture notes"": 0.167, ""Poetry"": 0.5, ""Other (anything that doesn't fit into the other categories!)"": 0.167, ""Philosophy"": 0.167}"
14g,"Notebook 14G (T5, 2022; geology, poetry)",099,poetry,0.857,"{""Poetry"": 0.857, ""Philosophy"": 0.143}"
14g,"Notebook 14G (T5, 2022; geology, poetry)",100,poetry,0.889,"{""Poetry"": 0.889, ""Philosophy"": 0.111}"
14g,"Notebook 14G (T5, 2022; geology, poetry)",101,poetry,0.714,"{""Mathematics"": 0.143, ""Poetry"": 0.714, ""Philosophy"": 0.143}"
14g,"Notebook 14G (T5, 2022; geology, poetry)",102,poetry,0.714,"{""Poetry"": 0.714, ""Philosophy"": 0.286}"
14g,"Notebook 14G (T5, 2022; geology, poetry)",103,poetry,0.8,"{""Poetry"": 0.8, ""Philosophy"": 0.2}"
14g,"Notebook 14G (T5, 2022; geology, poetry)",104,poetry,0.75,"{""Poetry"": 0.75, ""Philosophy"": 0.25}"
14g,"Notebook 14G (T5, 2022; geology, poetry)",105,poetry,0.5,"{""Poetry"": 0.5, ""Philosophy"": 0.167, ""Other (anything that doesn't fit into the other categories!)"": 0.167, ""Geology"": 0.167}"
14g,"Notebook 14G (T5, 2022; geology, poetry)",106,poetry,0.667,"{""Poetry"": 0.667, ""Philosophy"": 0.333}"
14g,"Notebook 14G (T5, 2022; geology, poetry)",120,poetry,0.5,"{""Poetry"": 0.5, ""Philosophy"": 0.333, ""Other (anything that doesn't fit into the other categories!)"": 0.167}"
14g,"Notebook 14G (T5, 2022; geology, poetry)",121,poetry,0.818,"{""Poetry"": 0.818, ""Philosophy"": 0.091, ""Other (anything that doesn't fit into the other categories!)"": 0.091}"
14g,"Notebook 14G (T5, 2022; geology, poetry)",122,poetry,0.571,"{""Poetry"": 0.571, ""Philosophy"": 0.143, ""Other (anything that doesn't fit into the other categories!)"": 0.286}"
14h,"Notebook 14H (T7, 2023; Consolations in Travel, Salmonia)",051,poetry,1.0,"{""Poetry"": 1.0}"
14h,"Notebook 14H (T7, 2023; Consolations in Travel, Salmonia)",151,poetry,0.333,"{""Poetry"": 0.333, ""Philosophy"": 0.333, ""Other (anything that doesn't fit into the other categories!)"": 0.333}"
14h,"Notebook 14H (T7, 2023; Consolations in Travel, Salmonia)",152,poetry,0.333,"{""Poetry"": 0.333, ""Philosophy"": 0.333, ""Other (anything that doesn't fit into the other categories!)"": 0.333}"
14l,"Notebook 14L (T5, 2022; travel writing, geology, scientific notes)",62,poetry,1.0,"{""Poetry"": 1.0}"
14l,"Notebook 14L (T5, 2022; travel writing, geology, scientific notes)",63,poetry,0.6,"{""Poetry"": 0.6, ""Other (anything that doesn't fit into the other categories!)"": 0.2, ""Philosophy"": 0.2}"
14l,"Notebook 14L (T5, 2022; travel writing, geology, scientific notes)",64,poetry,0.5,"{""Poetry"": 0.5, ""Other (anything that doesn't fit into the other categories!)"": 0.333, ""Philosophy"": 0.167}"
14l,"Notebook 14L (T5, 2022; travel writing, geology, scientific notes)",65,poetry,0.833,"{""Poetry"": 0.833, ""Refers to other writers/their works"": 0.167}"
14l,"Notebook 14L (T5, 2022; travel writing, geology, scientific notes)",66,poetry,1.0,"{""Poetry"": 1.0}"
14l,"Notebook 14L (T5, 2022; travel writing, geology, scientific notes)",67,poetry,0.8,"{""Poetry"": 0.8, ""Other (anything that doesn't fit into the other categories!)"": 0.2}"
15b,"Notebook 15B (T3, 2021; geology)",unknown,poetry,0.4,"{""Poetry"": 0.4, ""Refers to other writers/their works"": 0.3, ""Geology"": 0.3}"
15c,"Notebook 15C (T3, 2021; geology, poetry)",050,poetry,0.5,"{""Other (anything that doesn't fit into the other categories!)"": 0.25, ""Poetry"": 0.5, ""Geology"": 0.25}"
15c,"Notebook 15C (T3, 2021; geology, poetry)",051,poetry,0.5,"{""Poetry"": 0.5, ""Other (anything that doesn't fit into the other categories!)"": 0.333, ""Geology"": 0.167}"
15c,"Notebook 15C (T3, 2021; geology, poetry)",053,poetry,0.5,"{""Other (anything that doesn't fit into the other categories!)"": 0.25, ""Poetry"": 0.5, ""Geology"": 0.25}"
15c,"Notebook 15C (T3, 2021; geology, poetry)",054,poetry,0.5,"{""Other (anything that doesn't fit into the other categories!)"": 0.25, ""Poetry"": 0.5, ""Geology"": 0.25}"
15c,"Notebook 15C (T3, 2021; geology, poetry)",055,poetry,0.6,"{""Poetry"": 0.6, ""Other (anything that doesn't fit into the other categories!)"": 0.2, ""Geology"": 0.2}"
15c,"Notebook 15C (T3, 2021; geology, poetry)",056,poetry,0.75,"{""Other (anything that doesn't fit into the other categories!)"": 0.125, ""Poetry"": 0.75, ""Geology"": 0.125}"
15c,"Notebook 15C (T3, 2021; geology, poetry)",057,poetry,0.857,"{""Poetry"": 0.857, ""Other (anything that doesn't fit into the other categories!)"": 0.143}"
15c,"Notebook 15C (T3, 2021; geology, poetry)",060,poetry,0.75,"{""Poetry"": 0.75, ""Other (anything that doesn't fit into the other categories!)"": 0.125, ""Geology"": 0.125}"
15c,"Notebook 15C (T3, 2021; geology, poetry)",061,poetry,0.667,"{""Poetry"": 0.667, ""Geology"": 0.333}"
15c,"Notebook 15C (T3, 2021; geology, poetry)",062,poetry,0.636,"{""Poetry"": 0.636, ""Geology"": 0.182, ""Other (anything that doesn't fit into the other categories!)"": 0.091, ""Chemistry"": 0.091}"
15c,"Notebook 15C (T3, 2021; geology, poetry)",064,poetry,0.5,"{""Poetry"": 0.5, ""Geology"": 0.222, ""Other (anything that doesn't fit into the other categories!)"": 0.056, ""Chemistry"": 0.056, ""Agriculture"": 0.111, ""Medicine"": 0.056}"
15c,"Notebook 15C (T3, 2021; geology, poetry)",065,poetry,0.692,"{""Poetry"": 0.692, ""Geology"": 0.077, ""Chemistry"": 0.154, ""Other (anything that doesn't fit into the other categories!)"": 0.077}"
15c,"Notebook 15C (T3, 2021; geology, poetry)",066,poetry,0.688,"{""Other (anything that doesn't fit into the other categories!)"": 0.125, ""Poetry"": 0.688, ""Geology"": 0.062, ""Chemistry"": 0.125}"
15c,"Notebook 15C (T3, 2021; geology, poetry)",067,poetry,0.727,"{""Poetry"": 0.727, ""Geology"": 0.091, ""Other (anything that doesn't fit into the other categories!)"": 0.091, ""Chemistry"": 0.091}"
15c,"Notebook 15C (T3, 2021; geology, poetry)",068,poetry,0.5,"{""Philosophy"": 0.167, ""Poetry"": 0.5, ""Geology"": 0.083, ""Other (anything that doesn't fit into the other categories!)"": 0.083, ""Chemistry"": 0.167}"
15c,"Notebook 15C (T3, 2021; geology, poetry)",069,poetry,0.6,"{""Other (anything that doesn't fit into the other categories!)"": 0.4, ""Poetry"": 0.6}"
15c,"Notebook 15C (T3, 2021; geology, poetry)",070,poetry,0.714,"{""Poetry"": 0.714, ""Geology"": 0.143, ""Other (anything that doesn't fit into the other categories!)"": 0.143}"
15c,"Notebook 15C (T3, 2021; geology, poetry)",071,poetry,0.778,"{""Poetry"": 0.778, ""Chemistry"": 0.111, ""Other (anything that doesn't fit into the other categories!)"": 0.111}"
15c,"Notebook 15C (T3, 2021; geology, poetry)",072,poetry,0.6,"{""Poetry"": 0.6, ""Chemistry"": 0.1, ""Other (anything that doesn't fit into the other categories!)"": 0.2, ""Geology"": 0.1}"
15c,"Notebook 15C (T3, 2021; geology, poetry)",073,poetry,0.818,"{""Poetry"": 0.818, ""Geology"": 0.091, ""Other (anything that doesn't fit into the other categories!)"": 0.091}"
15c,"Notebook 15C (T3, 2021; geology, poetry)",074,poetry,0.643,"{""Poetry"": 0.643, ""Other (anything that doesn't fit into the other categories!)"": 0.071, ""Chemistry"": 0.214, ""Geology"": 0.071}"
15c,"Notebook 15C (T3, 2021; geology, poetry)",075,poetry,0.75,"{""Poetry"": 0.75, ""Geology"": 0.125, ""Other (anything that doesn't fit into the other categories!)"": 0.125}"
15c,"Notebook 15C (T3, 2021; geology, poetry)",076,poetry,0.75,"{""Poetry"": 0.75, ""Other (anything that doesn't fit into the other categories!)"": 0.125, ""Refers to other writers/their works"": 0.062, ""Geology"": 0.062}"
15c,"Notebook 15C (T3, 2021; geology, poetry)",082,poetry,1.0,"{""Poetry"": 1.0}"
15c,"Notebook 15C (T3, 2021; geology, poetry)",083,poetry,0.75,"{""Poetry"": 0.75, ""Geology"": 0.125, ""Chemistry"": 0.125}"
15c,"Notebook 15C (T3, 2021; geology, poetry)",084,poetry,0.625,"{""Poetry"": 0.625, ""Other (anything that doesn't fit into the other categories!)"": 0.125, ""Geology"": 0.125, ""Chemistry"": 0.125}"
15c,"Notebook 15C (T3, 2021; geology, poetry)",085,poetry,1.0,"{""Poetry"": 1.0}"
15c,"Notebook 15C (T3, 2021; geology, poetry)",086,poetry,0.75,"{""Poetry"": 0.75, ""Geology"": 0.125, ""Chemistry"": 0.125}"
15c,"Notebook 15C (T3, 2021; geology, poetry)",087,poetry,0.889,"{""Poetry"": 0.889, ""Chemistry"": 0.111}"
15c,"Notebook 15C (T3, 2021; geology, poetry)",096,poetry,0.727,"{""Poetry"": 0.727, ""Other (anything that doesn't fit into the other categories!)"": 0.091, ""Chemistry"": 0.091, ""Philosophy"": 0.091}"
15c,"Notebook 15C (T3, 2021; geology, poetry)",099,poetry,0.6,"{""Poetry"": 0.6, ""Other (anything that doesn't fit into the other categories!)"": 0.2, ""Refers to other writers/their works"": 0.067, ""Philosophy"": 0.133}"
15c,"Notebook 15C (T3, 2021; geology, poetry)",101,poetry,0.889,"{""Poetry"": 0.889, ""Geology"": 0.111}"
15c,"Notebook 15C (T3, 2021; geology, poetry)",102,poetry,0.75,"{""Poetry"": 0.75, ""Geology"": 0.083, ""Other (anything that doesn't fit into the other categories!)"": 0.083, ""Philosophy"": 0.083}"
15c,"Notebook 15C (T3, 2021; geology, poetry)",103,poetry,0.818,"{""Poetry"": 0.818, ""Philosophy"": 0.182}"
15c,"Notebook 15C (T3, 2021; geology, poetry)",114,poetry,0.333,"{""Poetry"": 0.333, ""Other (anything that doesn't fit into the other categories!)"": 0.333, ""Geology"": 0.167, ""Chemistry"": 0.167}"
15c,"Notebook 15C (T3, 2021; geology, poetry)",115,poetry,0.533,"{""Poetry"": 0.533, ""Geology"": 0.133, ""Other (anything that doesn't fit into the other categories!)"": 0.133, ""Philosophy"": 0.2}"
15c,"Notebook 15C (T3, 2021; geology, poetry)",116,poetry,0.455,"{""Poetry"": 0.455, ""Other (anything that doesn't fit into the other categories!)"": 0.182, ""Chemistry"": 0.091, ""Refers to other writers/their works"": 0.091, ""Geology"": 0.091, ""Philosophy"": 0.091}"
15c,"Notebook 15C (T3, 2021; geology, poetry)",117,poetry,0.5,"{""Poetry"": 0.5, ""Geology"": 0.1, ""Other (anything that doesn't fit into the other categories!)"": 0.3, ""Chemistry"": 0.1}"
15c,"Notebook 15C (T3, 2021; geology, poetry)",118,poetry,0.533,"{""Poetry"": 0.533, ""Chemistry"": 0.067, ""Other (anything that doesn't fit into the other categories!)"": 0.267, ""Lecture notes"": 0.067, ""Philosophy"": 0.067}"
15c,"Notebook 15C (T3, 2021; geology, poetry)",119,poetry,0.75,"{""Poetry"": 0.75, ""Other (anything that doesn't fit into the other categories!)"": 0.25}"
15c,"Notebook 15C (T3, 2021; geology, poetry)",120,poetry,0.444,"{""Poetry"": 0.444, ""Philosophy"": 0.222, ""Other (anything that doesn't fit into the other categories!)"": 0.333}"
15c,"Notebook 15C (T3, 2021; geology, poetry)",121,poetry,0.7,"{""Poetry"": 0.7, ""Geology"": 0.1, ""Philosophy"": 0.2}"
15c,"Notebook 15C (T3, 2021; geology, poetry)",122,poetry,0.667,"{""Poetry"": 0.667, ""Geology"": 0.111, ""Other (anything that doesn't fit into the other categories!)"": 0.111, ""Philosophy"": 0.111}"
15c,"Notebook 15C (T3, 2021; geology, poetry)",123,poetry,0.667,"{""Poetry"": 0.667, ""Geology"": 0.167, ""Philosophy"": 0.167}"
15c,"Notebook 15C (T3, 2021; geology, poetry)",128,poetry,0.6,"{""Poetry"": 0.6, ""Other (anything that doesn't fit into the other categories!)"": 0.2, ""Geology"": 0.1, ""Philosophy"": 0.1}"
15c,"Notebook 15C (T3, 2021; geology, poetry)",129,poetry,0.556,"{""Poetry"": 0.556, ""Other (anything that doesn't fit into the other categories!)"": 0.111, ""Philosophy"": 0.222, ""Geology"": 0.111}"
15c,"Notebook 15C (T3, 2021; geology, poetry)",130,poetry,0.583,"{""Poetry"": 0.583, ""Astronomy"": 0.083, ""Philosophy"": 0.167, ""Refers to other writers/their works"": 0.083, ""Other (anything that doesn't fit into the other categories!)"": 0.083}"
15c,"Notebook 15C (T3, 2021; geology, poetry)",131,poetry,0.667,"{""Poetry"": 0.667, ""Other (anything that doesn't fit into the other categories!)"": 0.083, ""Philosophy"": 0.167, ""Refers to other writers/their works"": 0.083}"
15c,"Notebook 15C (T3, 2021; geology, poetry)",135,poetry,0.636,"{""Poetry"": 0.636, ""Other (anything that doesn't fit into the other categories!)"": 0.182, ""Philosophy"": 0.091, ""Geology"": 0.091}"
15c,"Notebook 15C (T3, 2021; geology, poetry)",136,poetry,0.6,"{""Poetry"": 0.6, ""Other (anything that doesn't fit into the other categories!)"": 0.1, ""Philosophy"": 0.2, ""Geology"": 0.1}"
15c,"Notebook 15C (T3, 2021; geology, poetry)",137,poetry,0.667,"{""Poetry"": 0.667, ""Philosophy"": 0.111, ""Other (anything that doesn't fit into the other categories!)"": 0.222}"
15c,"Notebook 15C (T3, 2021; geology, poetry)",138,poetry,0.714,"{""Poetry"": 0.714, ""Other (anything that doesn't fit into the other categories!)"": 0.286}"
15c,"Notebook 15C (T3, 2021; geology, poetry)",157,poetry,0.571,"{""Poetry"": 0.571, ""Other (anything that doesn't fit into the other categories!)"": 0.143, ""Geology"": 0.214, ""Agriculture"": 0.071}"
15c,"Notebook 15C (T3, 2021; geology, poetry)",158,poetry,0.462,"{""Poetry"": 0.462, ""Geology"": 0.231, ""Other (anything that doesn't fit into the other categories!)"": 0.231, ""Agriculture"": 0.077}"
15c,"Notebook 15C (T3, 2021; geology, poetry)",159,poetry,0.714,"{""Poetry"": 0.714, ""Other (anything that doesn't fit into the other categories!)"": 0.286}"
15c,"Notebook 15C (T3, 2021; geology, poetry)",161,poetry,0.5,"{""Poetry"": 0.5, ""Other (anything that doesn't fit into the other categories!)"": 0.2, ""Geology"": 0.2, ""Philosophy"": 0.1}"
15c,"Notebook 15C (T3, 2021; geology, poetry)",163,poetry,0.6,"{""Poetry"": 0.6, ""Other (anything that doesn't fit into the other categories!)"": 0.4}"
15c,"Notebook 15C (T3, 2021; geology, poetry)",165,poetry,0.3,"{""Poetry"": 0.3, ""Other (anything that doesn't fit into the other categories!)"": 0.2, ""Geology"": 0.1, ""Chemistry"": 0.2, ""Philosophy"": 0.2}"
15c,"Notebook 15C (T3, 2021; geology, poetry)",167,poetry,0.636,"{""Poetry"": 0.636, ""Other (anything that doesn't fit into the other categories!)"": 0.182, ""Geology"": 0.091, ""Chemistry"": 0.091}"
15c,"Notebook 15C (T3, 2021; geology, poetry)",168,poetry,0.625,"{""Poetry"": 0.625, ""Other (anything that doesn't fit into the other categories!)"": 0.25, ""Geology"": 0.125}"
15c,"Notebook 15C (T3, 2021; geology, poetry)",169,poetry,0.75,"{""Poetry"": 0.75, ""Other (anything that doesn't fit into the other categories!)"": 0.1, ""Geology"": 0.05, ""Philosophy"": 0.05, ""Chemistry"": 0.05}"
15c,"Notebook 15C (T3, 2021; geology, poetry)",170,poetry,0.583,"{""Poetry"": 0.583, ""Other (anything that doesn't fit into the other categories!)"": 0.25, ""Geology"": 0.083, ""Chemistry"": 0.083}"
15d,"Notebook 15D (T3, 2022; geology, chemistry)",091,poetry,0.5,"{""Poetry"": 0.5, ""Geology"": 0.375, ""Other (anything that doesn't fit into the other categories!)"": 0.125}"
15g,"Notebook 15G (T3, 2022; geology, travel writing)",170,poetry,0.75,"{""Poetry"": 0.75, ""Geology"": 0.25}"
15g,"Notebook 15G (T3, 2022; geology, travel writing)",171,poetry,0.625,"{""Poetry"": 0.625, ""Geology"": 0.125, ""Other (anything that doesn't fit into the other categories!)"": 0.25}"
15g,"Notebook 15G (T3, 2022; geology, travel writing)",172,poetry,0.75,"{""Poetry"": 0.75, ""Geology"": 0.25}"
15g,"Notebook 15G (T3, 2022; geology, travel writing)",173,poetry,0.75,"{""Poetry"": 0.75, ""Geology"": 0.25}"
15g,"Notebook 15G (T3, 2022; geology, travel writing)",174,poetry,0.667,"{""Poetry"": 0.667, ""Geology"": 0.333}"
15g,"Notebook 15G (T3, 2022; geology, travel writing)",175,poetry,0.75,"{""Poetry"": 0.75, ""Geology"": 0.125, ""Other (anything that doesn't fit into the other categories!)"": 0.125}"
15h,"Notebook 15H (T3, 2022; geology, chemistry)",017,poetry,0.6,"{""Geology"": 0.2, ""Philosophy"": 0.1, ""Poetry"": 0.6, ""Other (anything that doesn't fit into the other categories!)"": 0.1}"
15h,"Notebook 15H (T3, 2022; geology, chemistry)",018,poetry,0.5,"{""Philosophy"": 0.25, ""Poetry"": 0.5, ""Other (anything that doesn't fit into the other categories!)"": 0.25}"
15i,"Notebook 15I (T3, 2022; geology)",086,poetry,0.545,"{""Poetry"": 0.545, ""Geology"": 0.273, ""Other (anything that doesn't fit into the other categories!)"": 0.091, ""Chemistry"": 0.091}"
15i,"Notebook 15I (T3, 2022; geology)",087,poetry,0.75,"{""Poetry"": 0.75, ""Other (anything that doesn't fit into the other categories!)"": 0.25}"
15i,"Notebook 15I (T3, 2022; geology)",088,poetry,0.625,"{""Poetry"": 0.625, ""Other (anything that doesn't fit into the other categories!)"": 0.125, ""Geology"": 0.125, ""Chemistry"": 0.125}"
15i,"Notebook 15I (T3, 2022; geology)",089,poetry,0.5,"{""Poetry"": 0.5, ""Other (anything that doesn't fit into the other categories!)"": 0.125, ""Philosophy"": 0.125, ""Geology"": 0.25}"
15i,"Notebook 15I (T3, 2022; geology)",090,poetry,0.5,"{""Poetry"": 0.5, ""Geology"": 0.2, ""Philosophy"": 0.2, ""Chemistry"": 0.1}"
15j,"Notebook 15J (T3, 2022; chemistry, philosophy, poetry)",060,poetry,0.556,"{""Philosophy"": 0.111, ""Other (anything that doesn't fit into the other categories!)"": 0.333, ""Poetry"": 0.556}"
17a,"Notebook 17A (T8, 2023; geology)",03,poetry,1.0,"{""Poetry"": 1.0}"
17a,"Notebook 17A (T8, 2023; geology)",04,poetry,0.5,"{""Poetry"": 0.5, ""Refers to other writers/their works"": 0.5}"
17a,"Notebook 17A (T8, 2023; geology)",06,poetry,0.5,"{""Poetry"": 0.5, ""Refers to other writers/their works"": 0.5}"
17a,"Notebook 17A (T8, 2023; geology)",10,poetry,1.0,"{""Poetry"": 1.0}"
17a,"Notebook 17A (T8, 2023; geology)",11,poetry,1.0,"{""Poetry"": 1.0}"
17a,"Notebook 17A (T8, 2023; geology)",16,poetry,0.333,"{""Poetry"": 0.333, ""Geology"": 0.333, ""Lecture notes"": 0.333}"
17c,"Notebook 17C (T8, 2023; geology)",17,poetry,0.333,"{""Poetry"": 0.333, ""Other (anything that doesn't fit into the other categories!)"": 0.333, ""Geology"": 0.333}"
20a,"Notebook 20A (T1, 2021)",001,poetry,0.441,"{""Other electric (static, electromagnetism, etc.)"": 0.059, ""Other (anything that doesn't fit into the other categories!)"": 0.294, ""Poetry"": 0.441, ""Chemistry"": 0.147, ""Philosophy"": 0.059}"
20a,"Notebook 20A (T1, 2021)",125,poetry,0.286,"{""Chemistry"": 0.143, ""Astronomy"": 0.071, ""Other (anything that doesn't fit into the other categories!)"": 0.143, ""Philosophy"": 0.214, ""Poetry"": 0.286, ""Agriculture"": 0.071, ""Geology"": 0.071}"
20a,"Notebook 20A (T1, 2021)",126,poetry,0.421,"{""Chemistry"": 0.053, ""Other (anything that doesn't fit into the other categories!)"": 0.316, ""Poetry"": 0.421, ""Philosophy"": 0.158, ""Astronomy"": 0.053}"
20a,"Notebook 20A (T1, 2021)",127,poetry,0.5,"{""Astronomy"": 0.1, ""Other (anything that doesn't fit into the other categories!)"": 0.2, ""Philosophy"": 0.1, ""Poetry"": 0.5, ""Lecture notes"": 0.1}"
20b,"Notebook 20B (T1, 2021)",233,poetry,0.704,"{""Poetry"": 0.704, ""Chemistry"": 0.037, ""Other (anything that doesn't fit into the other categories!)"": 0.185, ""Medicine"": 0.037, ""Philosophy"": 0.037}"
20b,"Notebook 20B (T1, 2021)",234,poetry,0.529,"{""Poetry"": 0.529, ""Medicine"": 0.118, ""Other (anything that doesn't fit into the other categories!)"": 0.206, ""Philosophy"": 0.147}"
20b,"Notebook 20B (T1, 2021)",235,poetry,0.5,"{""Chemistry"": 0.294, ""Poetry"": 0.5, ""Philosophy"": 0.118, ""Medicine"": 0.029, ""Other (anything that doesn't fit into the other categories!)"": 0.029, ""Geology"": 0.029}"
20b,"Notebook 20B (T1, 2021)",236,poetry,0.481,"{""Poetry"": 0.481, ""Chemistry"": 0.407, ""Other (anything that doesn't fit into the other categories!)"": 0.037, ""Geology"": 0.074}"
21a,"Notebook 21A (T1, 2021)",023,poetry,1.0,"{""Poetry"": 1.0}"
21d,"Notebook 21D (T7, 2023; John Davy copies)",238,poetry,1.0,"{""Poetry"": 1.0}"
21d,"Notebook 21D (T7, 2023; John Davy copies)",239,poetry,0.667,"{""Poetry"": 0.667, ""Other (anything that doesn't fit into the other categories!)"": 0.333}"
22c,"Notebook 22C (T3, 2022; chemistry, philosophy, poetry)",001,poetry,0.75,"{""Other (anything that doesn't fit into the other categories!)"": 0.25, ""Poetry"": 0.75}"
22c,"Notebook 22C (T3, 2022; chemistry, philosophy, poetry)",002,poetry,0.6,"{""Other (anything that doesn't fit into the other categories!)"": 0.1, ""Poetry"": 0.6, ""Philosophy"": 0.2, ""Lecture notes"": 0.1}"
22c,"Notebook 22C (T3, 2022; chemistry, philosophy, poetry)",2,poetry,0.429,"{""Poetry"": 0.429, ""Other (anything that doesn't fit into the other categories!)"": 0.286, ""Geology"": 0.214, ""Refers to other writers/their works"": 0.071}"
22c,"Notebook 22C (T3, 2022; chemistry, philosophy, poetry)",003,poetry,0.611,"{""Poetry"": 0.611, ""Other (anything that doesn't fit into the other categories!)"": 0.111, ""Refers to other writers/their works"": 0.056, ""Geology"": 0.056, ""Chemistry"": 0.056, ""Philosophy"": 0.056, ""Lecture notes"": 0.056}"
22c,"Notebook 22C (T3, 2022; chemistry, philosophy, poetry)",004,poetry,0.6,"{""Poetry"": 0.6, ""Astronomy"": 0.1, ""Chemistry"": 0.1, ""Other (anything that doesn't fit into the other categories!)"": 0.1, ""Refers to other writers/their works"": 0.1}"
22c,"Notebook 22C (T3, 2022; chemistry, philosophy, poetry)",005,poetry,0.7,"{""Poetry"": 0.7, ""Geology"": 0.1, ""Chemistry"": 0.1, ""Other (anything that doesn't fit into the other categories!)"": 0.1}"
22c,"Notebook 22C (T3, 2022; chemistry, philosophy, poetry)",006,poetry,0.778,"{""Poetry"": 0.778, ""Other (anything that doesn't fit into the other categories!)"": 0.222}"
22c,"Notebook 22C (T3, 2022; chemistry, philosophy, poetry)",007,poetry,0.571,"{""Other (anything that doesn't fit into the other categories!)"": 0.286, ""Poetry"": 0.571, ""Philosophy"": 0.143}"
